{
    "root_group": {
        "name": "",
        "path": "",
        "id": "d41d8cd98f00b204e9800998ecf8427e",
        "groups": {},
        "checks": {
                "status is 200": {
                    "name": "status is 200",
                    "path": "::status is 200",
                    "id": "6210a8cd14cd70477eba5c5e4cb3fb5f",
                    "passes": 556,
                    "fails": 0
                },
                "response time < 500ms": {
                    "name": "response time < 500ms",
                    "path": "::response time < 500ms",
                    "id": "3e02485a995423a591645f4eee6c60eb",
                    "passes": 556,
                    "fails": 0
                }
            }
    },
    "metrics": {
        "http_req_tls_handshaking": {
            "avg": 0,
            "min": 0,
            "med": 0,
            "max": 0,
            "p(90)": 0,
            "p(95)": 0
        },
        "iterations": {
            "count": 556,
            "rate": 8.160232715160358
        },
        "http_req_duration{expected_response:true}": {
            "avg": 6.544349429856125,
            "min": 3.793713,
            "med": 6.026825499999999,
            "max": 39.211443,
            "p(90)": 8.5182295,
            "p(95)": 9.685178749999999
        },
        "iteration_duration": {
            "avg": 1007.3420347859715,
            "min": 1004.329898,
            "med": 1006.834293,
            "max": 1039.948362,
            "p(90)": 1009.424332,
            "p(95)": 1010.49717925
        },
        "vus": {
            "value": 1,
            "min": 1,
            "max": 10
        },
        "data_sent": {
            "count": 72836,
            "rate": 1068.990485686007
        },
        "http_req_connecting": {
            "max": 0.690024,
            "p(90)": 0,
            "p(95)": 0,
            "avg": 0.0052619982014388495,
            "min": 0,
            "med": 0
        },
        "http_req_sending": {
            "avg": 0.026527510791366907,
            "min": 0.010916,
            "med": 0.019479,
            "max": 0.329943,
            "p(90)": 0.047439499999999996,
            "p(95)": 0.06365625
        },
        "http_req_waiting": {
            "max": 31.891758,
            "p(90)": 8.194992500000001,
            "p(95)": 9.31992825,
            "avg": 6.2289984370503575,
            "min": 3.503744,
            "med": 5.7787869999999995
        },
        "http_req_receiving": {
            "med": 0.1901855,
            "max": 31.782088,
            "p(90)": 0.3652115,
            "p(95)": 0.43811524999999996,
            "avg": 0.2888234820143882,
            "min": 0.055936
        },
        "http_req_failed": {
            "fails": 556,
            "passes": 0,
            "thresholds": {
                "rate<0.1": false
            },
            "value": 0
        },
        "http_req_blocked": {
            "p(95)": 0.01267875,
            "avg": 0.01393581474820144,
            "min": 0.003424,
            "med": 0.005135,
            "max": 1.21852,
            "p(90)": 0.008917999999999999
        },
        "http_reqs": {
            "count": 556,
            "rate": 8.160232715160358
        },
        "vus_max": {
            "value": 10,
            "min": 10,
            "max": 10
        },
        "data_received": {
            "count": 328040,
            "rate": 4814.5373019446115
        },
        "checks": {
            "passes": 1112,
            "fails": 0,
            "value": 1
        },
        "http_req_duration": {
            "p(95)": 9.685178749999999,
            "avg": 6.544349429856125,
            "min": 3.793713,
            "med": 6.026825499999999,
            "max": 39.211443,
            "p(90)": 8.5182295,
            "thresholds": {
                "p(99)<1000": false,
                "p(95)<500": false
            }
        }
    }
}