{
    "metrics": {
        "http_req_failed": {
            "passes": 0,
            "fails": 63243,
            "thresholds": {
                "rate<0.5": false
            },
            "value": 0
        },
        "http_req_duration{expected_response:true}": {
            "med": 3.706311,
            "max": 1068.489007,
            "p(90)": 5.276457000000001,
            "p(95)": 5.993799599999998,
            "avg": 3.9957053747924616,
            "min": 1.454343
        },
        "http_req_tls_handshaking": {
            "p(90)": 0,
            "p(95)": 0,
            "avg": 0,
            "min": 0,
            "med": 0,
            "max": 0
        },
        "iterations": {
            "count": 63243,
            "rate": 88.72174643902075
        },
        "checks": {
            "passes": 63243,
            "fails": 0,
            "value": 1
        },
        "http_req_receiving": {
            "p(90)": 0.30552600000000013,
            "p(95)": 0.4159117999999998,
            "avg": 0.17702049031513237,
            "min": 0.007842,
            "med": 0.090886,
            "max": 1024.900466
        },
        "vus": {
            "max": 150,
            "value": 4,
            "min": 1
        },
        "data_sent": {
            "count": 8284833,
            "rate": 11622.548783511718
        },
        "http_req_waiting": {
            "p(95)": 5.7773128,
            "avg": 3.7999602288632697,
            "min": 1.389851,
            "med": 3.549727,
            "max": 1068.33928,
            "p(90)": 5.0805246
        },
        "iteration_duration": {
            "p(90)": 1006.0877984,
            "p(95)": 1006.8076269,
            "avg": 1004.6529510025,
            "min": 1001.859524,
            "med": 1004.420549,
            "max": 1091.273284
        },
        "http_req_duration": {
            "max": 1068.489007,
            "p(90)": 5.276457000000001,
            "p(95)": 5.993799599999998,
            "avg": 3.9957053747924616,
            "min": 1.454343,
            "med": 3.706311,
            "thresholds": {
                "p(95)<5000": false
            }
        },
        "http_req_sending": {
            "p(95)": 0.045779,
            "avg": 0.018724655614060153,
            "min": 0.002306,
            "med": 0.013848,
            "max": 2.302287,
            "p(90)": 0.028636800000000004
        },
        "data_received": {
            "count": 37313370,
            "rate": 52345.83039902224
        },
        "http_req_connecting": {
            "avg": 0.0008165167370301856,
            "min": 0,
            "med": 0,
            "max": 11.865053,
            "p(90)": 0,
            "p(95)": 0
        },
        "vus_max": {
            "max": 150,
            "value": 150,
            "min": 150
        },
        "http_reqs": {
            "count": 63243,
            "rate": 88.72174643902075
        },
        "http_req_blocked": {
            "med": 0.005018,
            "max": 11.967127,
            "p(90)": 0.008024,
            "p(95)": 0.010085799999999989,
            "avg": 0.007081529987508522,
            "min": 0.00084
        }
    },
    "root_group": {
        "name": "",
        "path": "",
        "id": "d41d8cd98f00b204e9800998ecf8427e",
        "groups": {},
        "checks": {
                "status is 200": {
                    "id": "6210a8cd14cd70477eba5c5e4cb3fb5f",
                    "passes": 63243,
                    "fails": 0,
                    "name": "status is 200",
                    "path": "::status is 200"
                }
            }
    }
}