{
    "metrics": {
        "http_req_waiting": {
            "p(90)": 7.4137113,
            "p(95)": 8.02397985,
            "avg": 5.605307779661015,
            "min": 3.754353,
            "med": 5.300997000000001,
            "max": 18.107061
        },
        "http_req_connecting": {
            "avg": 0.005792418079096046,
            "min": 0,
            "med": 0,
            "max": 0.772157,
            "p(90)": 0,
            "p(95)": 0
        },
        "data_received": {
            "rate": 15118.099979390427,
            "count": 628704
        },
        "http_req_duration{expected_response:true}": {
            "avg": 5.765721228813559,
            "min": 3.948541,
            "med": 5.454457,
            "max": 18.281988,
            "p(90)": 7.5826299,
            "p(95)": 8.258441949999998
        },
        "http_req_tls_handshaking": {
            "avg": 0,
            "min": 0,
            "med": 0,
            "max": 0,
            "p(90)": 0,
            "p(95)": 0
        },
        "vus_max": {
            "min": 30,
            "max": 30,
            "value": 30
        },
        "iteration_duration": {
            "min": 1004.348604,
            "med": 1006.2295865000001,
            "max": 1019.233319,
            "p(90)": 1008.4872111,
            "p(95)": 1009.0727538,
            "avg": 1006.5539915150631
        },
        "iterations": {
            "count": 1062,
            "rate": 25.537331046267614
        },
        "http_req_sending": {
            "med": 0.018529999999999998,
            "max": 0.226487,
            "p(90)": 0.0475313,
            "p(95)": 0.06507574999999999,
            "avg": 0.02625107250470814,
            "min": 0.003796
        },
        "http_reqs": {
            "count": 1062,
            "rate": 25.537331046267614
        },
        "vus": {
            "value": 4,
            "min": 4,
            "max": 30
        },
        "data_sent": {
            "count": 139122,
            "rate": 3345.390367061057
        },
        "http_req_blocked": {
            "avg": 0.014564375706214668,
            "min": 0.001527,
            "med": 0.005541000000000001,
            "max": 0.911047,
            "p(90)": 0.0102946,
            "p(95)": 0.015233399999999979
        },
        "http_req_duration": {
            "avg": 5.765721228813559,
            "min": 3.948541,
            "med": 5.454457,
            "max": 18.281988,
            "p(90)": 7.5826299,
            "p(95)": 8.258441949999998,
            "thresholds": {
                "p(95)<500": false,
                "p(99)<1000": false
            }
        },
        "http_req_failed": {
            "passes": 0,
            "fails": 1062,
            "thresholds": {
                "rate<0.1": false
            },
            "value": 0
        },
        "http_req_receiving": {
            "avg": 0.13416237664783429,
            "min": 0.012555,
            "med": 0.11478250000000001,
            "max": 1.81608,
            "p(90)": 0.2133247,
            "p(95)": 0.2683236499999997
        },
        "checks": {
            "passes": 2124,
            "fails": 0,
            "value": 1
        }
    },
    "root_group": {
        "name": "",
        "path": "",
        "id": "d41d8cd98f00b204e9800998ecf8427e",
        "groups": {},
        "checks": {
                "status is 200": {
                    "name": "status is 200",
                    "path": "::status is 200",
                    "id": "6210a8cd14cd70477eba5c5e4cb3fb5f",
                    "passes": 1062,
                    "fails": 0
                },
                "response time < 500ms": {
                    "name": "response time < 500ms",
                    "path": "::response time < 500ms",
                    "id": "3e02485a995423a591645f4eee6c60eb",
                    "passes": 1062,
                    "fails": 0
                }
            }
    }
}