{
    "metrics": {
        "http_req_tls_handshaking": {
            "max": 0,
            "p(90)": 0,
            "p(95)": 0,
            "avg": 0,
            "min": 0,
            "med": 0
        },
        "vus_max": {
            "value": 30,
            "min": 30,
            "max": 30
        },
        "http_req_blocked": {
            "min": 0.001702,
            "med": 0.005525,
            "max": 0.784236,
            "p(90)": 0.0094502,
            "p(95)": 0.017366599999999982,
            "avg": 0.014820628985507267
        },
        "http_req_sending": {
            "avg": 0.024565106280193275,
            "min": 0.005185,
            "med": 0.017479,
            "max": 0.500952,
            "p(90)": 0.0444982,
            "p(95)": 0.06406479999999999
        },
        "vus": {
            "value": 3,
            "min": 3,
            "max": 30
        },
        "http_req_connecting": {
            "min": 0,
            "med": 0,
            "max": 0.718493,
            "p(90)": 0,
            "p(95)": 0,
            "avg": 0.005743583574879228
        },
        "data_sent": {
            "count": 135585,
            "rate": 3348.30022678606
        },
        "checks": {
            "passes": 2070,
            "fails": 0,
            "value": 1
        },
        "http_req_receiving": {
            "avg": 0.5900509410628025,
            "min": 0.029866,
            "med": 0.516133,
            "max": 4.627838,
            "p(90)": 0.9649922000000001,
            "p(95)": 1.2078425
        },
        "http_req_failed": {
            "passes": 0,
            "fails": 1035,
            "thresholds": {
                "rate<0.1": false
            },
            "value": 0
        },
        "http_req_waiting": {
            "avg": 29.65729398937202,
            "min": 19.000567,
            "med": 24.453131,
            "max": 241.521146,
            "p(90)": 45.4961742,
            "p(95)": 58.409427199999996
        },
        "http_req_duration{expected_response:true}": {
            "p(90)": 46.396820000000005,
            "p(95)": 59.755651799999974,
            "avg": 30.271910036714974,
            "min": 19.152927,
            "med": 25.03348,
            "max": 241.669907
        },
        "iterations": {
            "rate": 25.559543715924125,
            "count": 1035
        },
        "http_reqs": {
            "count": 1035,
            "rate": 25.559543715924125
        },
        "data_received": {
            "count": 614790,
            "rate": 15182.36896725893
        },
        "iteration_duration": {
            "avg": 1031.1210443864732,
            "min": 1019.694956,
            "med": 1025.870008,
            "max": 1242.252107,
            "p(90)": 1046.8241684,
            "p(95)": 1060.7963855
        },
        "http_req_duration": {
            "min": 19.152927,
            "med": 25.03348,
            "max": 241.669907,
            "p(90)": 46.396820000000005,
            "p(95)": 59.755651799999974,
            "avg": 30.271910036714974,
            "thresholds": {
                "p(95)<500": false,
                "p(99)<1000": false
            }
        }
    },
    "root_group": {
        "path": "",
        "id": "d41d8cd98f00b204e9800998ecf8427e",
        "groups": {},
        "checks": {
                "status is 200": {
                    "id": "6210a8cd14cd70477eba5c5e4cb3fb5f",
                    "passes": 1035,
                    "fails": 0,
                    "name": "status is 200",
                    "path": "::status is 200"
                },
                "response time < 500ms": {
                    "id": "3e02485a995423a591645f4eee6c60eb",
                    "passes": 1035,
                    "fails": 0,
                    "name": "response time < 500ms",
                    "path": "::response time < 500ms"
                }
            },
        "name": ""
    }
}